codon,cor_estimate,p_value
aaa,-0.280673775,1.13E-81
aac,0.059224048,7.46E-05
aag,0.001823192,0.903030637
aat,-0.216474564,1.57E-48
aca,-0.165733877,6.98E-29
acc,0.134342302,1.91E-19
acg,0.140216595,4.67E-21
act,-0.193474101,6.17E-39
aga,-0.238153859,1.19E-58
agc,0.168473674,8.38E-30
agg,-0.041519693,0.005507872
agt,-0.173140779,2.08E-31
ata,-0.198677317,5.26E-41
atc,0.138018858,1.91E-20
atg,-0.013687881,0.360334832
att,-0.20382958,4.11E-43
caa,-0.20342891,6.02E-43
cac,0.048562074,0.001166091
cag,0.053681381,0.000330914
cat,-0.221380437,9.94E-51
cca,-0.044371854,0.003011286
ccc,0.230236639,7.82E-55
ccg,0.209006052,2.74E-45
cct,-0.016195449,0.279109419
cga,-0.005266615,0.72488264
cgc,0.255060779,2.71E-67
cgg,0.246950282,4.58E-63
cgt,0.00520181,0.728132971
cta,-0.09323501,4.27E-10
ctc,0.195565137,9.24E-40
ctg,0.244276731,1.05E-61
ctt,-0.148730376,1.61E-23
gaa,-0.263893469,4.49E-72
gac,0.174046732,1.01E-31
gag,0.08244555,3.41E-08
gat,-0.178990414,1.75E-33
gca,-0.065824523,1.07E-05
gcc,0.266584796,1.44E-73
gcg,0.20532923,9.76E-44
gct,-0.041242797,0.005829902
gga,-0.177496185,6.03E-33
ggc,0.243959139,1.52E-61
ggg,0.143776227,4.55E-22
ggt,-0.057514799,0.00011978
gta,-0.13703791,3.55E-20
gtc,0.132161765,7.28E-19
gtg,0.215926166,2.74E-48
gtt,-0.163310637,4.41E-28
tac,0.125479949,3.82E-17
tat,-0.173840157,1.19E-31
tca,-0.163924927,2.77E-28
tcc,0.152085289,1.57E-24
tcg,0.170898367,1.25E-30
tct,-0.125307825,4.21E-17
tgc,0.107490469,5.85E-13
tgg,0.04918801,0.001005619
tgt,-0.183576559,3.67E-35
tta,-0.150047586,6.50E-24
ttc,0.143496749,5.47E-22
ttg,-0.06553029,1.17E-05
ttt,-0.149620442,8.74E-24
